{
  "LinearRegression": {
    "fit_time": [
      0.017160415649414062,
      0.016913652420043945,
      0.016806602478027344,
      0.0116119384765625,
      0.014699220657348633
    ],
    "score_time": [
      0.004700422286987305,
      0.0048677921295166016,
      0.0051288604736328125,
      0.003143787384033203,
      0.00399017333984375
    ],
    "test_r2": [
      0.7773929542149592,
      0.7788355876903551,
      0.7567880320780752,
      0.7756265528712528,
      0.7731149623551403
    ],
    "train_r2": [
      0.7764215258378183,
      0.7764605368585351,
      0.7812060861626813,
      0.7771272308919439,
      0.777639567957523
    ],
    "test_neg_rmse": [
      -0.3906981585571988,
      -0.37947809026817353,
      -0.39966541604127764,
      -0.3852831877813189,
      -0.3932435136912237
    ],
    "train_neg_rmse": [
      -0.38504166784377597,
      -0.3875052333458952,
      -0.3828872176960188,
      -0.3861646718589421,
      -0.38428172189465104
    ]
  },
  "RandomForest": {
    "fit_time": [
      4.277788877487183,
      4.299278259277344,
      4.262585878372192,
      4.376488447189331,
      1.3936681747436523
    ],
    "score_time": [
      0.14351749420166016,
      0.11962056159973145,
      0.16130995750427246,
      0.11732816696166992,
      0.09096670150756836
    ],
    "test_r2": [
      0.749900944033683,
      0.7339808762525142,
      0.7324175122540293,
      0.7587832268233718,
      0.7423617427147666
    ],
    "train_r2": [
      0.9478612619357253,
      0.9505391348998051,
      0.9489939542143604,
      0.9489982239543907,
      0.9511520032545683
    ],
    "test_neg_rmse": [
      -0.41412165164096243,
      -0.41618412728121507,
      -0.41921126268730496,
      -0.39948279537810605,
      -0.41904804234978654
    ],
    "train_neg_rmse": [
      -0.1859400715191696,
      -0.1822767701130306,
      -0.18486899392368286,
      -0.18472968318179958,
      -0.18011270656284667
    ]
  },
  "XGBoost": {
    "fit_time": [
      0.6773905754089355,
      0.6770098209381104,
      0.6707663536071777,
      0.676372766494751,
      0.4028656482696533
    ],
    "score_time": [
      0.024726390838623047,
      0.024898290634155273,
      0.023247957229614258,
      0.024319171905517578,
      0.014315366744995117
    ],
    "test_r2": [
      0.7810154730770036,
      0.7611048456684377,
      0.7624705993850851,
      0.7746827825646083,
      0.7684905003053691
    ],
    "train_r2": [
      0.9297369763467175,
      0.9323349500570379,
      0.9305660263100484,
      0.9314556142985254,
      0.9324323610487684
    ],
    "test_neg_rmse": [
      -0.38750617361627543,
      -0.39439622904545596,
      -0.3949687949200682,
      -0.38609263576025954,
      -0.39723092163906826
    ],
    "train_neg_rmse": [
      -0.21585203796366773,
      -0.21319777782003604,
      -0.2156945936995506,
      -0.21415586846278284,
      -0.21183140422115815
    ]
  }
}