,R2_test_mean,RMSE_test_mean
LinearRegression,0.7723516178419565,0.3896736732678385
XGBoost,0.7695528402001007,0.3920389509962255
RandomForest,0.7434888604156731,0.413609575867475
